2024-01-22,263849.66815800,264820.42223000,257990.78075000,260846.12928700,116991.97880000,116991.97880000
2024-01-21,265456.13728600,266547.16177400,263320.26355900,263848.59431500,122572.16870000,122572.16870000
2024-01-20,267600.60175700,267601.67560000,263542.54906000,265455.06344300,136620.95770000,136620.95770000
2024-01-19,265326.20228300,268911.76406000,259354.56136000,267601.67560000,424209.00290000,424209.00290000
2024-01-18,271703.75586000,273829.96500000,260789.21560800,265326.20228300,452090.10740000,452090.10740000
2024-01-17,277847.21166300,278444.26837100,269185.59402500,271702.68201700,366281.34770000,366281.34770000
2024-01-16,269726.81089700,280748.73544900,268466.11921500,277846.13782000,381077.62470000,381077.62470000
2024-01-15,265547.41394100,274240.17302600,265338.01455600,269725.73705400,315247.88190000,315247.88190000
2024-01-14,276856.05457400,276910.82056700,265239.22100000,265547.41394100,306207.74630000,306207.74630000
2024-01-13,270882.26596500,278125.33700000,268192.28925000,276857.12841700,422061.23200000,422061.23200000
2024-01-12,281133.17124300,291797.50607600,263950.60940000,270881.19212200,887457.76270000,887457.76270000
2024-01-11,277520.76339100,288798.26257700,275549.18764300,281133.17124300,838712.25770000,838712.25770000
2024-01-10,251741.01449000,283827.44333000,251235.23443700,277521.83723400,1038388.66600000,1038388.66600000
2024-01-09,250251.59424900,254685.49199600,239121.21155400,251739.94064700,551454.99310000,551454.99310000
2024-01-08,238545.63170600,253233.65626000,232635.19983400,250252.66809200,539407.55470000,539407.55470000
2024-01-07,240623.51791100,242474.82324300,236617.00967800,238545.63170600,207138.69270000,207138.69270000
2024-01-06,243631.35215400,243762.36100000,238006.56252000,240624.59175400,194067.86560000,194067.86560000
2024-01-05,243452.02037300,244536.60180300,236908.02113100,243631.35215400,405568.00060000,405568.00060000
2024-01-04,237289.23539600,246413.67936700,236450.56401300,243452.02037300,448844.05500000,448844.05500000
2024-01-03,252927.61100500,256159.87843500,225507.03000000,237289.23539600,798729.48690000,798729.48690000
2024-01-02,252573.24281500,261083.44859000,251386.64630000,252926.53716200,458041.66420000,458041.66420000
2024-01-01,245037.01264100,252607.60579100,243251.21173200,252572.16897200,216702.69140000,216702.69140000
2023-12-31,246090.45262400,249275.47096200,242568.24758400,245037.01264100,222175.87790000,222175.87790000
2023-12-30,246897.98256000,249436.54741200,243547.59240000,246090.45262400,210539.13270000,210539.13270000
2023-12-29,251724.90684500,256155.58306300,242188.10716200,246897.98256000,450201.20690000,450201.20690000
2023-12-28,255397.44990500,262640.52094000,250742.34050000,251724.90684500,580459.98200000,580459.98200000
2023-12-27,239561.48718400,256910.49469200,237521.18548400,255397.44990500,541537.35740000,541537.35740000
2023-12-26,243908.40364800,244298.20865700,233931.32833500,239561.48718400,410413.15910000,410413.15910000
2023-12-25,243122.35057200,247499.33464000,241947.56633000,243907.32980500,286277.16160000,286277.16160000
2023-12-24,247864.44126000,249796.28481700,241077.75350000,243123.42441500,307951.07600000,307951.07600000
2023-12-23,249619.10072200,250275.21879500,243225.43950000,247864.44126000,255626.93520000,255626.93520000
2023-12-22,240497.87828000,251617.52254500,239530.34573700,249619.10072200,591357.48800000,591357.48800000
2023-12-21,236478.48393100,244762.10883300,234417.77921400,240498.95212300,453069.72520000,453069.72520000
2023-12-20,233872.26697000,243332.82380000,231520.55080000,236478.48393100,416841.62720000,416841.62720000
2023-12-19,238333.01079200,242151.59650000,229324.54186500,233873.34081300,383551.40490000,383551.40490000
2023-12-18,235872.83647900,238822.68320000,227289.60938000,238331.93694900,364103.11810000,364103.11810000
2023-12-17,239355.30932800,241472.92772400,235332.69345000,235871.76263600,225925.76750000,225925.76750000
2023-12-16,238447.91199300,243053.62462000,237319.30300000,239355.30932800,199285.92300000,199285.92300000
2023-12-15,248629.01747600,248896.40438300,236245.46000000,238446.83815000,333552.63280000,333552.63280000
2023-12-14,242705.69948800,250431.99987300,239273.69726000,248629.01747600,409508.09310000,409508.09310000
2023-12-13,236618.08352100,245267.88888600,230266.30217600,242705.69948800,418916.61540000,418916.61540000
2023-12-12,238941.87977300,240983.25531600,232594.39380000,236617.00967800,361588.90870000,361588.90870000
2023-12-11,252609.75347700,252890.02650000,231587.12906600,238942.95361600,640414.91660000,640414.91660000
2023-12-10,251330.80646400,255302.95172100,249131.57600000,252609.75347700,200037.21020000,200037.21020000
2023-12-09,253288.42225300,258044.47290000,249991.72424300,251331.88030700,287771.06640000,287771.06640000
2023-12-08,252969.49088200,256863.24560000,250886.23546200,253289.49609600,378569.81260000,378569.81260000
2023-12-07,239756.92661000,255875.31004000,238607.91460000,252968.41703900,485190.06090000,485190.06090000
2023-12-06,246267.63671900,248297.19998900,238393.14600000,239756.92661000,408338.90560000,408338.90560000
2023-12-05,240901.64324800,248027.66539600,234992.28521900,246267.63671900,529829.72140000,529829.72140000
2023-12-04,235489.47452800,244221.96580400,235279.00130000,240902.71709100,565307.71340000,565307.71340000
2023-12-03,232460.16342500,238099.98686100,230768.86070000,235488.40068500,257879.11360000,257879.11360000
2023-12-02,224136.80633200,234806.51038000,224030.49587500,232459.08958200,320979.97680000,320979.97680000
2023-12-01,220347.21438500,226674.29734100,219605.18887200,224136.80633200,372645.58600000,372645.58600000
2023-11-30,217861.26784000,220647.89042500,217007.56265500,220348.28822800,243680.09210000,243680.09210000
2023-11-29,219938.08020200,222897.59151000,216842.19083300,217862.34168300,254843.73190000,254843.73190000
2023-11-28,217721.66825000,222822.42250000,214247.78614500,219938.08020200,283775.92790000,283775.92790000
2023-11-27,221462.93726200,222418.65753200,213241.59525400,217721.66825000,326073.22980000,326073.22980000
2023-11-26,223692.23533000,224969.03465700,218679.53620600,221461.86341900,241262.91360000,241262.91360000
2023-11-25,223449.54681200,224491.17452200,221780.79479000,223691.16148700,138847.39300000,138847.39300000
2023-11-24,221448.97730300,229052.85958600,221144.00589100,223449.54681200,426932.54020000,426932.54020000
2023-11-23,221557.43544600,224319.35964200,219101.55650500,221447.90346000,250960.69580000,250960.69580000
2023-11-22,207574.92574300,224697.35237800,207080.95796300,221556.36160300,466120.51090000,466120.51090000
2023-11-21,217067.69786300,218484.09678000,207405.25854900,207574.92574300,490163.98630000,490163.98630000
2023-11-20,216000.29792100,221898.91752000,213694.75700000,217066.62402000,421717.67900000,421717.67900000
2023-11-19,210751.35333700,216459.90272500,208635.88262700,216000.29792100,251132.61920000,251132.61920000
2023-11-18,210561.28312600,211678.07984600,205748.31880000,210752.42718000,279368.22080000,279368.22080000
2023-11-17,210663.29821100,213855.83345000,204459.70720000,210561.28312600,401100.50690000,401100.50690000
2023-11-16,221049.50770700,224476.14072000,208228.89613000,210663.29821100,545286.12970000,545286.12970000
2023-11-15,212556.48342000,221469.38032000,211225.99194300,221048.43386400,421870.80320000,421870.80320000
2023-11-14,220529.76769500,221744.28412800,207960.43538000,212555.40957700,481909.73300000,481909.73300000
2023-11-13,219567.60436700,227439.94740000,217827.97870700,220529.76769500,529143.58150000,529143.58150000
2023-11-12,220477.14938800,221909.65595000,216067.95003000,219566.53052400,281907.55900000,281907.55900000
2023-11-11,223114.50779600,224390.23328000,218022.34429000,220478.22323100,370966.03720000,370966.03720000
2023-11-10,227797.53711900,229479.17525700,221706.69962300,223114.50779600,555573.64950000,555573.64950000
2023-11-09,202753.37067300,228943.32760000,202104.76950100,227796.46327600,1100330.32370000,1100330.32370000
2023-11-08,202447.32541800,204533.80236700,201078.17559300,202754.44451600,247881.09970000,247881.09970000
2023-11-07,204132.18508500,204780.78625700,198695.31797600,202448.39926100,332419.44060000,332419.44060000
2023-11-06,203139.95415300,205558.24858900,200645.41686400,204132.18508500,328746.23940000,328746.23940000
2023-11-05,199255.86402200,205390.72908100,198243.23007300,203139.95415300,383106.76280000,383106.76280000
2023-11-04,196803.20661000,200797.90257000,195872.18472900,199255.86402200,171538.03640000,171538.03640000
2023-11-03,193376.57359700,197005.08909400,190833.71337300,196804.28045300,315000.26780000,315000.26780000
2023-11-02,198337.72825700,201345.56250000,191682.04934300,193377.64744000,368738.21930000,368738.21930000
2023-11-01,194867.06768100,199483.51873800,191486.60991700,198337.72825700,471921.61840000,471921.61840000
2023-10-31,194261.42022900,195376.06926300,191250.36445700,194867.06768100,258074.57960000,258074.57960000
2023-10-30,192769.85230200,196496.08751200,190904.58701100,194262.49407200,277686.19200000,277686.19200000
2023-10-29,190737.06750300,194505.18259000,189282.01023800,192769.85230200,144110.65080000,144110.65080000
2023-10-28,191080.69726300,193638.59128900,190070.21100000,190735.99366000,122919.73820000,122919.73820000
2023-10-27,193655.77277700,193711.61261300,187349.09283800,191079.62342000,274532.69210000,274532.69210000
2023-10-26,191911.85174500,200329.70702200,189233.68730300,193654.69893400,431169.04530000,431169.04530000
2023-10-25,191678.82781400,195191.36826700,188996.36800000,191911.85174500,354410.82940000,354410.82940000
2023-10-24,189583.76012100,199131.29823400,188589.38150300,191678.82781400,674055.13750000,674055.13750000
2023-10-23,178654.18606700,193291.74000000,177943.30200100,189582.68627800,610931.96630000,610931.96630000
2023-10-22,174922.58164200,179095.53554000,174080.68873000,178655.25991000,228650.92250000,228650.92250000
2023-10-21,172231.53108400,176596.70287900,170994.46394800,174922.58164200,176419.40920000,176419.40920000
2023-10-20,168225.02285100,175079.36272000,167647.29531700,172232.60492700,315995.79200000,315995.79200000
2023-10-19,167889.98383500,169071.21113500,165544.71072300,168225.02285100,216217.66750000,216217.66750000
2023-10-18,168057.50334300,170249.21690600,167077.08468400,167888.90999200,177750.22530000,177750.22530000
2023-10-17,171751.52326300,171871.79367900,166561.64004400,168057.50334300,234817.06990000,234817.06990000
2023-10-16,167281.11485400,176049.04294900,166989.02955800,171752.59710600,418510.86440000,418510.86440000
2023-10-15,166976.14344200,168337.77636600,166170.76119200,167280.04101100,120311.27380000,120311.27380000
2023-10-14,166677.61508800,167704.20899600,165860.42056500,166976.14344200,100314.67540000,100314.67540000
2023-10-13,165329.94212300,169168.93084800,165131.28116800,166677.61508800,192205.87360000,192205.87360000
2023-10-12,168256.16429800,168438.71760800,163331.52030000,165329.94212300,237221.49770000,237221.49770000
2023-10-11,168337.77636600,169498.60064900,165829.27911800,168257.23814100,260253.96710000,260253.96710000
2023-10-10,169681.15395900,171267.22007000,166504.72636500,168338.85020900,240659.32870000,240659.32870000
2023-10-09,175342.45425500,175680.71480000,166016.12780000,169681.15395900,340141.09880000,340141.09880000
2023-10-08,175418.69710800,176260.59002000,173551.28413100,175341.38041200,149424.66350000,149424.66350000
2023-10-07,176650.39502900,176938.18495300,175039.63052900,175419.77095100,101241.57320000,101241.57320000
2023-10-06,173080.94089700,178472.70660000,173069.12862400,176650.39502900,220507.92860000,220507.92860000
2023-10-05,176816.84069400,177771.48712100,172537.57633900,173080.94089700,237378.74490000,237378.74490000
2023-10-04,177922.89898400,178006.65873800,174499.48750000,176816.84069400,222861.71670000,222861.71670000
2023-10-03,178516.73416300,179401.58079500,176432.40490000,177922.89898400,198287.11640000,198287.11640000
2023-10-02,186182.89934000,187278.21920000,175765.54839700,178515.66032000,378575.68980000,378575.68980000
2023-10-01,179427.35302700,188029.90930000,179117.01240000,186181.82549700,225611.58680000,225611.58680000
2023-09-30,179057.95103500,181943.36717600,178922.64681700,179427.35302700,136924.91410000,136924.91410000
2023-09-29,177506.24790000,181264.69840000,177009.05859100,179057.95103500,251975.67280000,251975.67280000
2023-09-28,171667.76350900,179139.56310300,171615.14520200,177505.17405700,331409.70150000,331409.70150000
2023-09-27,171172.72188600,175476.68463000,170043.03905000,171668.83735200,274404.43280000,274404.43280000
2023-09-26,170562.77906200,171791.25545400,169672.56321500,171171.64804300,125583.01610000,125583.01610000
2023-09-25,169743.43685300,171546.41925000,167842.73474300,170561.70521900,176706.92770000,176706.92770000
2023-09-24,171154.46655500,171935.15041600,168594.42484300,169743.43685300,137517.85330000,137517.85330000
2023-09-23,171070.70680100,171625.88363200,170467.20703500,171155.54039800,64537.13410000,64537.13410000
2023-09-22,170090.28814200,172102.66992400,169299.93969400,171071.78064400,124886.09100000,124886.09100000
2023-09-21,174206.32836100,174531.70279000,168353.88401100,170090.28814200,240627.54400000,240627.54400000
2023-09-20,176446.36485900,177113.22136200,172299.18319300,174205.25451800,232844.23470000,232844.23470000
2023-09-19,175751.58843800,178369.61767200,174641.23477600,176445.29101600,184282.42580000,184282.42580000
2023-09-18,174228.87906400,179278.08885000,172231.53108400,175751.58843800,279041.69780000,279041.69780000
2023-09-17,175508.89992000,175573.33050000,173103.49160000,174228.87906400,120227.41170000,120227.41170000
2023-09-16,176249.85159000,177524.50323100,175177.08243300,175508.89992000,99555.46710000,99555.46710000
2023-09-15,174658.41626400,177622.22294400,173041.20870600,176248.77774700,181340.02400000,181340.02400000
2023-09-14,172632.07452300,176570.93064700,172571.93931500,174657.34242100,275301.15050000,275301.15050000
2023-09-13,171059.96837100,173887.39699000,169869.07648400,172633.14836600,223409.28890000,223409.28890000
2023-09-12,166643.25211200,174606.87180000,166410.22818100,171059.96837100,329739.96850000,329739.96850000
2023-09-11,173685.51450600,173855.18170000,164406.43714300,166644.32595500,417424.81890000,417424.81890000
2023-09-10,175630.24417900,175648.49951000,171814.88000000,173685.51450600,207957.84280000,207957.84280000
2023-09-09,175726.89004900,175843.93893600,175008.48908200,175631.31802200,58519.62290000,58519.62290000
2023-09-08,176981.13867300,178143.03679900,173555.57950300,175727.96389200,221570.04580000,221570.04580000
2023-09-07,175374.66954500,178257.93800000,174327.67262000,176981.13867300,228558.27820000,228558.27820000
2023-09-06,175515.34297800,179331.78100000,172802.81556000,175374.66954500,219541.01930000,219541.01930000
2023-09-05,175092.24883600,176971.47408600,172855.43386700,175514.26913500,204365.49070000,204365.49070000
2023-09-04,175663.53331200,176627.84432600,173567.39177600,175091.17499300,168010.90560000,168010.90560000
2023-09-03,175790.24678600,176915.63425000,174514.52130200,175663.53331200,116767.28620000,116767.28620000
2023-09-02,174942.98465900,176647.17350000,174824.86192900,175791.32062900,102145.94760000,102145.94760000
2023-09-01,176729.85941100,177670.54587900,172065.08541900,174941.91081600,302406.16860000,302406.16860000
2023-08-31,183114.92988900,185667.45470000,175036.40900000,176728.78556800,330518.26680000,330518.26680000
2023-08-30,185711.48226300,185874.70639900,181945.51486200,183114.92988900,202841.44020000,202841.44020000
2023-08-29,177514.83864400,187475.80631200,176110.25200000,185712.55610600,494371.08230000,494371.08230000
2023-08-28,178078.60621900,178723.98586200,174150.48852500,177514.83864400,214351.01430000,214351.01430000
2023-08-27,176865.16362900,178283.71023200,176788.92077600,178078.60621900,87789.91960000,87789.91960000
2023-08-26,177591.08149700,177784.37323700,176539.78920000,176866.23747200,79175.42500000,79175.42500000
2023-08-25,178382.50378800,180107.09564600,175628.09649300,177592.15534000,236261.68980000,236261.68980000
2023-08-24,180363.74412300,180767.50909100,175603.39810400,178382.50378800,231539.78050000,231539.78050000
2023-08-23,175573.33050000,182779.89087300,174934.39391500,180363.74412300,374761.10880000,374761.10880000
2023-08-22,179069.76330800,179265.20273400,169667.19400000,175572.25665700,402012.04500000,402012.04500000
2023-08-21,180967.24388900,181328.05513700,177119.66442000,179068.68946500,250835.15180000,250835.15180000
2023-08-20,179297.41802400,181989.54242500,178475.92812900,180968.31773200,195623.52630000,195623.52630000
2023-08-19,178429.75288000,182201.08949600,177646.92133300,179296.34418100,231919.04850000,231919.04850000
2023-08-18,180565.62660700,182488.87942000,176219.78398600,178428.67903700,538083.10180000,538083.10180000
2023-08-17,194130.41138300,194364.50915700,166445.66500000,180565.62660700,812138.21590000,812138.21590000
2023-08-16,196403.73701400,196676.49313600,193095.22673100,194130.41138300,205430.73680000,205430.73680000
2023-08-15,198177.72565000,198377.46044800,194795.12020000,196403.73701400,186081.69890000,186081.69890000
2023-08-14,197665.50253900,199358.95295000,197050.19050000,198177.72565000,150196.12030000,150196.12030000
2023-08-13,198654.51194200,199949.56660000,196997.57219300,197665.50253900,120674.13640000,120674.13640000
2023-08-12,198536.38921200,199091.56604300,198240.00854400,198653.43809900,63292.64760000,63292.64760000
2023-08-11,198926.19422100,199440.56501800,197377.71261500,198536.38921200,113209.31030000,113209.31030000
2023-08-10,199236.53484800,200373.73458500,198164.83953400,198926.19422100,127321.45530000,127321.45530000
2023-08-09,199337.47609000,201022.33575700,198261.48540400,199235.46100500,191926.83430000,191926.83430000
2023-08-08,196416.62313000,201507.71279300,196119.16861900,199337.47609000,236336.03000000,236336.03000000
2023-08-07,196543.33660400,198338.80210000,193506.50860000,196416.62313000,224092.90590000,224092.90590000
2023-08-06,197209.11926400,197434.62629400,196068.69799800,196543.33660400,90403.99150000,90403.99150000
2023-08-05,196539.04123200,197479.72770000,196244.80825000,197209.11926400,93657.32550000,93657.32550000
2023-08-04,197137.17178300,198801.62843300,194981.96888200,196537.96738900,187699.45520000,187699.45520000
2023-08-03,197576.37357000,199640.29981600,196083.73180000,197137.17178300,171148.05200000,171148.05200000
2023-08-02,201182.33836400,201854.56408200,195569.36100300,197576.37357000,254213.05530000,254213.05530000
2023-08-01,199319.22075900,201412.14076600,194773.64334000,201181.26452100,358476.09660000,358476.09660000
2023-07-31,199927.01589700,201603.28482000,198770.48698600,199320.29460200,168204.45340000,168204.45340000
2023-07-30,201930.80693500,202451.62079000,198464.44173100,199927.01589700,158657.59020000,158657.59020000
2023-07-29,201259.65506000,202589.07269400,200759.24422200,201931.88077800,72867.02690000,72867.02690000
2023-07-28,199873.32374700,202246.51677700,199361.10063600,201258.58121700,138695.71470000,138695.71470000
2023-07-27,201022.33575700,202538.60207300,199180.69501200,199872.24990400,163766.42590000,163766.42590000
2023-07-26,199483.51873800,202741.55840000,198483.77090500,201023.40960000,272090.53330000,272090.53330000
2023-07-25,198660.95500000,200670.11525300,198172.35643500,199483.51873800,152251.21000000,152251.21000000
2023-07-24,202821.02278200,203048.67749800,196855.82491700,198660.95500000,276504.55470000,276504.55470000
2023-07-23,200434.94363600,204593.93757500,199500.70022600,202819.94893900,153501.01780000,153501.01780000
2023-07-22,203142.10183900,203745.60160500,198787.66847400,200434.94363600,131901.64870000,131901.64870000
2023-07-21,203127.06803700,204646.55588200,202380.74715200,203142.10183900,165554.04280000,165554.04280000
2023-07-20,202810.28435200,207149.68391500,201667.71540000,203127.06803700,292907.51640000,292907.51640000
2023-07-19,203730.56780300,206396.91997200,202115.50793100,202809.21050900,218045.00050000,218045.00050000
2023-07-18,205233.94800300,205876.10611700,201423.95303900,203730.56780300,215780.50060000,215780.50060000
2023-07-17,206405.51071600,207915.33397400,201158.71381800,205232.87416000,277159.03490000,277159.03490000
2023-07-16,207403.11086300,208706.75626500,205533.55020000,206404.43687300,148667.10510000,148667.10510000
2023-07-15,208091.44422600,209009.57999100,206846.86018900,207403.11086300,135181.76630000,135181.76630000
2023-07-14,215250.75550700,217894.55697300,203857.28127700,208092.51806900,498724.03590000,498724.03590000
2023-07-13,201004.08042600,216124.86370900,200012.92333700,215250.75550700,548861.42070000,548861.42070000
2023-07-12,201701.00453300,204244.93860000,200204.06739100,201004.08042600,264406.86730000,264406.86730000
2023-07-11,201926.51156300,203170.02175700,199990.37263400,201699.93069000,177771.61170000,177771.61170000
2023-07-10,200036.54788300,204620.78365000,198299.06990900,201925.43772000,247868.14940000,247868.14940000
2023-07-09,200297.49173200,201813.75804800,199321.36844500,200035.47404000,135046.37430000,135046.37430000
2023-07-08,200907.43455600,201452.94680000,197887.78804000,200297.49173200,125819.82730000,125819.82730000
2023-07-07,198249.67313100,201667.71540000,196083.73180000,200906.36071300,232944.34660000,232944.34660000
2023-07-06,205141.59750500,210258.45940000,198231.41780000,198249.67313100,456362.74100000,456362.74100000
2023-07-05,207916.40781700,208594.00275000,203440.63019300,205142.67134800,267633.47830000,267633.47830000
2023-07-04,209995.36786500,211233.50884400,207421.36619400,207917.48166000,205525.09840000,205525.09840000
2023-07-03,208056.00740700,212208.55828800,207632.91326500,209994.29402200,322102.42950000,322102.42950000
2023-07-02,206661.08535000,210387.32056000,202499.94372500,208054.93356400,255852.78320000,255852.78320000
2023-07-01,207659.75934000,208815.21440800,205043.87779200,206661.08535000,178373.36880000,178373.36880000
2023-06-30,198874.64975700,209249.04698000,195977.42134300,207658.68549700,716538.10350000,716538.10350000
2023-06-29,196301.72192900,201882.48400000,196281.31891200,198874.64975700,241844.82810000,241844.82810000
2023-06-28,202911.22559400,202976.73001700,195070.02400800,196300.64808600,337836.57920000,337836.57920000
2023-06-27,199624.19217100,205375.69527900,199218.27951700,202911.22559400,366634.57070000,366634.57070000
2023-06-26,203901.30884000,205007.36713000,197284.28827400,199624.19217100,458743.86100000,458743.86100000
2023-06-25,201340.19328500,207251.69900000,200683.00136900,203901.30884000,338757.61580000,338757.61580000
2023-06-24,203238.74770900,204674.47580000,200247.02111100,201341.26712800,226910.29410000,226910.29410000
2023-06-23,201023.40960000,207941.10620600,199843.25614300,203238.74770900,401147.93240000,401147.93240000
2023-06-22,202859.68113000,207592.10723100,200376.95611400,201024.48344300,416714.57190000,416714.57190000
2023-06-21,192431.59175700,204137.55430000,191936.55013400,202860.75497300,613755.88690000,613755.88690000
2023-06-20,186537.26753000,192968.51325700,184134.00689600,192431.59175700,328855.68460000,328855.68460000
2023-06-19,184803.01108500,188157.69661700,182338.54140000,186538.34137300,245162.75890000,245162.75890000
2023-06-18,185533.22432500,187690.57491200,183841.92160000,184803.01108500,156535.01280000,156535.01280000
2023-06-17,184476.56281300,190070.21100000,184084.61011800,185534.29816800,210914.92160000,210914.92160000
2023-06-16,179005.33272800,185721.14685000,177169.06119800,184477.63665600,311734.59040000,311734.59040000
2023-06-15,177286.11008500,180503.34371300,174607.94564300,179005.33272800,370774.76960000,370774.76960000
2023-06-14,186861.56811600,187925.74652900,175082.58424900,177286.11008500,415847.32700000,415847.32700000
2023-06-13,187124.65965100,190084.17095900,185154.15774600,186861.56811600,284268.00180000,284268.00180000
2023-06-12,188219.97951100,188924.42051900,184700.99600000,187124.65965100,302132.48190000,302132.48190000
2023-06-11,188085.74913600,190956.13147500,186711.23009600,188218.90566800,219956.24340000,219956.24340000
2023-06-10,197626.84419100,198122.95965700,184167.29602900,188086.82297900,652324.66950000,652324.66950000
2023-06-09,198193.83329500,199197.87650000,196191.11610000,197626.84419100,198324.32520000,198324.32520000
2023-06-08,196740.92371600,199872.24990400,196331.78953300,198192.75945200,189270.48530000,189270.48530000
2023-06-07,202381.82099500,203793.92454000,195566.13947400,196741.99755900,429196.70640000,429196.70640000
2023-06-06,194418.20130700,203846.54284700,192988.91627400,202380.74715200,491407.21740000,491407.21740000
2023-06-05,202956.32700000,203023.97910900,190929.28540000,194419.27515000,555361.26830000,555361.26830000
2023-06-04,203176.46481500,205601.20230900,202335.64574600,202957.40084300,172683.01190000,172683.01190000
2023-06-03,204748.57096700,204880.65365600,202054.29888000,203177.53865800,148818.24270000,148818.24270000
2023-06-02,199925.94205400,205104.01300000,198393.56809300,204747.49712400,313004.06580000,313004.06580000
2023-06-01,201198.44600900,202870.41956000,197587.11200000,199925.94205400,270496.60970000,270496.60970000
2023-05-31,204092.45289400,204795.82005900,198333.43288500,201198.44600900,319255.56810000,319255.56810000
2023-05-30,203235.52618000,205855.70310000,202010.27131700,204093.52673700,272665.84020000,272665.84020000
2023-05-29,204957.97035200,206996.12436600,201200.59369500,203235.52618000,313593.49420000,313593.49420000
2023-05-28,196501.45672700,206032.88719500,195826.00948000,204957.97035200,378392.43710000,378392.43710000
2023-05-27,196277.02354000,197170.46091600,194599.68077400,196501.45672700,138824.94060000,138824.94060000
2023-05-26,193894.16592300,197393.82026000,192968.51325700,196275.94969700,275690.68540000,275690.68540000
2023-05-25,193279.92772700,195311.63868300,189147.77986300,193893.09208000,350633.00890000,350633.00890000
2023-05-24,199096.93525800,199100.15678700,190886.33168000,193279.92772700,420846.14450000,420846.14450000
2023-05-23,195155.93144800,201077.10175000,194928.27673200,199095.86141500,396869.60970000,396869.60970000
2023-05-22,193818.99691300,196327.49416100,192433.73944300,195154.85760500,237498.94230000,237498.94230000
2023-05-21,195377.14310600,196403.73701400,192992.13780300,193818.99691300,161517.80530000,161517.80530000
2023-05-20,194613.64073300,196391.92474100,194049.87315800,195377.14310600,127754.43490000,127754.43490000
2023-05-19,193351.87520800,196463.87222200,192949.18408300,194614.71457600,243116.46760000,243116.46760000
2023-05-18,195667.08071600,196719.44685600,190190.48141600,193351.87520800,293755.31100000,293755.31100000
2023-05-17,195891.51390300,197318.65125000,191539.22822400,195667.08071600,352097.99130000,352097.99130000
2023-05-16,195032.43950300,196796.76355200,192883.67966000,195891.51390300,311238.67860000,311238.67860000
2023-05-15,193205.83256000,198306.58681000,191686.34471500,195031.36566000,388171.92610000,388171.92610000
2023-05-14,192767.70461600,195868.96320000,192198.56782600,193206.90640300,218101.09770000,218101.09770000
2023-05-13,194091.75303500,195120.49462900,191705.67388900,192766.63077300,212895.43730000,212895.43730000
2023-05-12,192680.72333300,195292.30950900,186848.68200000,194091.75303500,565539.83090000,565539.83090000
2023-05-11,197676.24096900,197804.02828600,190358.00092400,192679.64949000,522096.07250000,522096.07250000
2023-05-10,198288.33147900,202684.64472100,192272.66299300,197677.31481200,639933.38550000,639933.38550000
2023-05-09,198397.86346500,199936.68048400,196619.57945700,198287.25763600,304396.18600000,304396.18600000
2023-05-08,200852.66856300,202308.79967100,194443.97353900,198398.93730800,625316.61680000,625316.61680000
2023-05-07,203636.06961900,207609.28871900,200549.84483700,200851.59472000,413268.83570000,413268.83570000
2023-05-06,214049.12519000,216808.90170000,199734.79800000,203636.06961900,608106.99150000,608106.99150000
2023-05-05,201567.84800100,214592.48974800,201415.36229500,214049.12519000,546608.87500000,546608.87500000
2023-05-04,204579.97761600,205991.00731800,200455.34665300,201567.84800100,354528.61440000,354528.61440000
2023-05-03,200818.30558700,205804.15863600,197870.60655200,204579.97761600,465185.25010000,465185.25010000
2023-05-02,196591.65953900,202083.29264100,195755.13584200,200817.23174400,373753.20270000,373753.20270000
2023-05-01,200817.23174400,202579.40810700,193948.93191600,196591.65953900,445519.17790000,445519.17790000
2023-04-30,204866.69369700,208218.15770000,200396.28528800,200818.30558700,355336.48880000,355336.48880000
2023-04-29,203056.19439900,205963.08740000,202210.00611500,204867.76754000,182046.14060000,182046.14060000
2023-04-28,204962.26572400,206594.50708400,201231.73514200,203057.26824200,387630.77910000,387630.77910000
2023-04-27,200380.17764300,208428.63092800,199862.58531700,204962.26572400,727472.94660000,727472.94660000
2023-04-26,200389.84223000,210980.08189600,191680.97550000,200380.17764300,897709.72980000,897709.72980000
2023-04-25,197784.69911200,201652.68159800,193469.99793800,200389.84223000,457870.60470000,457870.60470000
2023-04-24,199950.64044300,202956.32700000,193936.04580000,197784.69911200,447864.05170000,447864.05170000
2023-04-23,201256.43353100,202098.32644300,197197.30699100,199949.56660000,344514.34440000,344514.34440000
2023-04-22,198528.87231100,202667.46323300,197763.22225200,201255.35968800,331007.58790000,331007.58790000
2023-04-21,208645.54721400,210180.06886100,195976.34750000,198529.94615400,688876.61860000,688876.61860000
2023-04-20,207653.31628200,212941.99305700,205579.72544900,208645.54721400,625336.24950000,625336.24950000
2023-04-19,225883.94889300,226000.99778000,206503.23042900,207652.24243900,775389.06020000,775389.06020000
2023-04-18,222713.96435700,228191.63750000,220245.19930000,225882.87505000,414244.61350000,414244.61350000
2023-04-17,227510.82103800,227709.48199300,220808.96687500,222715.03820000,426972.70710000,426972.70710000
2023-04-16,224498.69142300,229967.77382200,222577.58629600,227511.89488100,319880.43930000,319880.43930000
2023-04-15,225505.95615700,226779.53395500,222406.84525900,224497.61758000,321823.78510000,321823.78510000
2023-04-14,216057.21160000,228595.40246800,215758.68324600,225505.95615700,896307.39340000,896307.39340000
2023-04-13,205898.65682000,217238.43890000,203981.84706500,216058.28544300,676164.51880000,676164.51880000
2023-04-12,202941.29319800,207573.85190000,198945.52339500,205897.58297700,630844.41860000,630844.41860000
2023-04-11,205126.56370300,208043.12129100,202001.68057300,202941.29319800,405203.48920000,405203.48920000
2023-04-10,199617.74911300,206047.92099700,198274.37152000,205125.48986000,434739.79840000,434739.79840000
2023-04-09,198534.24152600,201237.10435700,195870.03704300,199618.82295600,287131.30790000,287131.30790000
2023-04-08,200135.34143900,201815.90573400,198338.80210000,198534.24152600,197905.54070000,197905.54070000
2023-04-07,201067.43716300,202162.75702300,197743.89307800,200134.26759600,284256.48730000,284256.48730000
2023-04-06,204962.26572400,205094.34841300,199058.27691000,201067.43716300,396241.43520000,396241.43520000
2023-04-05,200849.44703400,208645.54721400,200226.61809400,204963.33956700,548595.51550000,548595.51550000
2023-04-04,194420.34899300,203161.43101300,193507.58244300,200848.37319100,622208.64110000,622208.64110000
2023-04-03,192702.20019300,197586.03815700,189293.82251100,194420.34899300,628503.66190000,628503.66190000
2023-04-02,195525.33344000,195955.94448300,190252.76431000,192702.20019300,322122.93850000,322122.93850000
2023-04-01,195602.65013600,197891.00956900,194130.41138300,195524.25959700,272904.96740000,272904.96740000
2023-03-31,192604.48048000,198368.86970400,190919.62081300,195602.65013600,554525.47620000,554525.47620000
2023-03-30,192546.49295800,196479.97986700,189318.52090000,192605.55432300,579690.03940000,579690.03940000
2023-03-29,190392.36390000,196297.42655700,190336.52406400,192547.56680100,536865.59720000,536865.59720000
2023-03-28,184186.62520300,192833.20903900,182674.65425900,190391.29005700,536511.39730000,536511.39730000
2023-03-27,190486.86208400,191195.59846400,181063.88975900,184187.69904600,570563.50230000,570563.50230000
2023-03-26,187050.56448400,193399.12430000,186774.58683300,190486.86208400,354933.23720000,354933.23720000
2023-03-25,187876.34975100,189343.21928900,183958.97048700,187050.56448400,355679.37430000,355679.37430000
2023-03-24,194771.49565400,195330.96785700,185388.25552000,187876.34975100,564770.14170000,564770.14170000
2023-03-23,186240.88686200,199429.82658800,185705.03920500,194772.56949700,732061.10300000,732061.10300000
2023-03-22,193423.82268900,195437.27831400,183640.03911600,186239.81301900,891287.60090000,891287.60090000
2023-03-21,186072.29351100,197050.19050000,184379.91694300,193423.82268900,742348.49990000,742348.49990000
2023-03-20,191216.00148100,193619.26211500,184915.76460000,186073.36735400,682848.12480000,682848.12480000
2023-03-19,188871.80221200,197733.15464800,188773.00865600,191217.07532400,541131.89080000,541131.89080000
2023-03-18,192138.43261800,197694.49630000,187650.84272100,188871.80221200,711614.73100000,711614.73100000
2023-03-17,179732.32443900,193291.74000000,178542.50639500,192139.50646100,907528.28250000,907528.28250000
2023-03-16,177178.72578500,181631.95270600,175270.50677400,179732.32443900,627985.61190000,627985.61190000
2023-03-15,182489.95326300,184368.10467000,172996.10730000,177179.79962800,963142.48330000,963142.48330000
2023-03-14,179701.18299200,191146.20168600,177746.78873200,182488.87942000,1283321.23550000,1283321.23550000
2023-03-13,169702.63081900,181854.23820700,168056.42950000,179702.25683500,1228063.60530000,1228063.60530000
2023-03-12,158062.17269900,171190.97721700,155524.68169000,169702.63081900,1002355.09290000,1002355.09290000
2023-03-11,153176.18704900,158721.51230100,151240.04812000,158066.46807100,1374859.62010000,1374859.62010000
2023-03-10,154345.60207600,154572.18294900,146943.60227700,153177.26089200,960262.45090000,960262.45090000
2023-03-09,164553.55363400,166064.45073500,151197.09440000,154345.60207600,718485.13640000,718485.13640000
2023-03-08,167728.90738500,168688.92302700,163611.79332300,164553.55363400,460101.76580000,460101.76580000
2023-03-07,168146.63231200,170149.34950700,164957.31860200,167729.98122800,437947.90320000,437947.90320000
2023-03-06,168010.25425100,170041.96520700,166922.45129200,168146.63231200,307709.30110000,307709.30110000
2023-03-05,168243.27818200,170608.95431100,166773.18711500,168011.32809400,299240.74150000,299240.74150000
2023-03-04,168534.28963500,169401.95477900,166351.16681600,168242.20433900,237640.26060000,237640.26060000
2023-03-03,176954.29259800,177103.55677500,165843.23907700,168534.28963500,742816.59760000,742816.59760000
2023-03-02,178819.55788900,180175.82159800,173874.51087400,176954.29259800,423023.80820000,423023.80820000
2023-03-01,172377.57373200,179301.71339600,171277.95850000,178818.48404600,474456.82350000,474456.82350000
2023-02-28,175406.88483500,176917.78193600,171456.21643800,172376.49988900,393523.16470000,393523.16470000
2023-02-27,176257.36849100,178818.48404600,172673.95440000,175406.88483500,431861.41290000,431861.41290000
2023-02-26,171232.85709400,177319.39921800,170500.49616800,176256.29464800,308607.99410000,308607.99410000
2023-02-25,172652.47754000,172779.19101400,167232.79191900,171232.85709400,290188.03910000,290188.03910000
2023-02-24,177239.93483600,178758.34883800,169198.99845200,172652.47754000,512515.49820000,512515.49820000
2023-02-23,176448.51254500,180298.23970000,174902.17862500,177241.00867900,501305.97170000,501305.97170000
2023-02-22,178233.23961100,179004.25888500,171285.47540100,176447.43870200,528875.48090000,528875.48090000
2023-02-21,182904.45666100,184342.33243800,175712.93009000,178232.16576800,520354.46880000,520354.46880000
2023-02-20,180377.70408200,184689.18372700,177244.23020800,182904.45666100,451314.83350000,451314.83350000
2023-02-19,181653.42956600,185408.65853700,178917.27760200,180378.77792500,401023.04770000,401023.04770000
2023-02-18,181888.60118300,183963.26585900,180380.92561100,181653.42956600,267305.78130000,267305.78130000
2023-02-17,175877.22806900,184915.76460000,175091.17499300,181895.04424100,579934.66300000,579934.66300000
2023-02-16,179860.11175600,187167.61337100,175435.87859600,175878.30191200,832723.67310000,832723.67310000
2023-02-15,167057.75551000,180405.62400000,165645.65196500,179860.11175600,581207.85860000,581207.85860000
2023-02-14,161640.21757500,168485.96670000,159214.40623800,167058.82935300,668964.37680000,668964.37680000
2023-02-13,162667.88532600,163879.18023000,156988.32969900,161639.14373200,643152.39040000,643152.39040000
2023-02-12,165210.74555000,166233.04408600,160333.35064400,162668.95916900,286758.37400000,286758.37400000
2023-02-11,162477.81511500,165693.97490000,161613.37150000,165211.81939300,289691.57080000,289691.57080000
2023-02-10,165946.32800500,166983.66034300,160002.60700000,162478.88895800,484654.21990000,484654.21990000
2023-02-09,177229.19640600,177846.65613100,163696.62692000,165946.32800500,658011.69640000,658011.69640000
2023-02-08,179442.38682900,182328.87681300,175086.87962100,177230.27024900,417966.25390000,417966.25390000
2023-02-07,173348.32780400,180230.58759100,173225.90970200,179442.38682900,451922.40000000,451922.40000000
2023-02-06,174930.09854300,178103.30460800,172352.87534300,173349.40164700,384119.41970000,384119.41970000
2023-02-05,178944.12367700,179740.91518300,172813.55399000,174931.17238600,413579.67480000,413579.67480000
2023-02-04,178635.93073600,182047.52994700,176693.34874900,178943.04983400,308227.12950000,308227.12950000
2023-02-03,176445.29101600,179976.08680000,174599.35489900,178635.93073600,464815.03200000,464815.03200000
2023-02-02,176289.58378100,184129.71152400,174698.14845500,176445.29101600,629188.88740000,629188.88740000
2023-02-01,170238.47847600,176944.62801100,167001.91567400,176290.65762400,474617.17090000,474617.17090000
2023-01-31,168186.36450300,172371.13067400,167694.54440900,170239.55231900,348856.67510000,348856.67510000
2023-01-30,176618.17973900,176918.85577900,164834.90050000,168185.29066000,595055.32810000,595055.32810000
2023-01-29,168818.85803000,178257.93800000,168199.25061900,176617.10589600,551767.91340000,551767.91340000
2023-01-28,171558.23152300,172548.31476900,167088.89695700,168818.85803000,313675.65740000,313675.65740000
2023-01-27,171930.85504400,174069.95030000,166718.42112200,171559.30536600,512093.38750000,512093.38750000
2023-01-26,173098.12238500,175341.38041200,169391.21634900,171931.92888700,532777.84660000,532777.84660000
2023-01-25,167086.74927100,176217.63630000,163009.36740000,173097.04854200,646474.91660000,646474.91660000
2023-01-24,174636.93940400,176267.03307800,164834.90050000,167086.74927100,462275.32430000,462275.32430000
2023-01-23,174760.43134900,176978.99098700,170235.25694700,174638.01324700,407267.11560000,407267.11560000
2023-01-22,174676.67159500,178675.66292700,172244.41720000,174761.50519200,431729.69090000,431729.69090000
2023-01-21,178100.08307900,180326.15961800,173555.57950300,174677.74543800,494248.60090000,494248.60090000
2023-01-20,166562.71388700,179321.04257000,165588.73828600,178099.00923600,440570.99740000,440570.99740000
2023-01-19,162304.92639200,167995.22044900,162059.01634500,166562.71388700,308679.46450000,308679.46450000
2023-01-18,168116.56470800,172888.72300000,161225.71417700,162303.85254900,752534.88570000,752534.88570000
2023-01-17,169338.59804200,172781.33870000,165495.31394500,168117.63855100,506771.72190000,506771.72190000
2023-01-16,166716.27343600,172298.10935000,163364.80943300,169338.59804200,574622.89530000,574622.89530000
2023-01-15,166436.00041300,168234.68743800,162797.82032900,166716.27343600,387832.71380000,387832.71380000
2023-01-14,155837.17000300,171812.73231400,155614.88450200,166434.92657000,940691.77740000,940691.77740000
2023-01-13,152046.50421300,157210.61520000,150448.62582900,155836.09616000,499377.86490000,499377.86490000
2023-01-12,149199.74642000,154418.62340000,146248.82585600,152047.57805600,877712.44920000,877712.44920000
2023-01-11,143425.69260900,150123.25140000,141858.95567200,149198.67257700,472465.95560000,472465.95560000
2023-01-10,141790.22972000,144720.74726700,141403.64624000,143424.61876600,459660.23070000,459660.23070000
2023-01-09,138541.85464500,144422.21891300,138036.07459200,141789.15587700,581727.69680000,581727.69680000
2023-01-08,135740.19825800,139170.05280000,135064.75101100,138542.92848800,213636.78480000,213636.78480000
2023-01-07,136284.63665900,136495.10988700,135443.81759000,135741.27210100,129474.28840000,129474.28840000
2023-01-06,134364.60537500,137097.53581000,132726.99480000,136285.71050200,342344.20230000,342344.20230000
2023-01-05,134972.40051300,135298.84878500,133458.28188300,134363.53153200,272805.33000000,272805.33000000
2023-01-04,130424.67540800,136657.26018000,130226.01445300,134971.32667000,457799.66480000,457799.66480000
2023-01-03,130363.46635700,130997.03372700,129390.56459900,130423.60156500,205519.49440000,205519.49440000
2023-01-02,128896.59681900,131469.52464700,128109.46990000,130364.54020000,252794.14000000,252794.14000000
2023-01-01,128445.58275900,129362.64468100,127848.52605100,128897.67066200,117762.06850000,117762.06850000
2022-12-31,128859.01231400,129769.63117800,127965.57493800,128445.58275900,139379.28110000,139379.28110000
2022-12-30,128912.70446400,129092.03624500,126829.44904400,128860.08615700,266014.21150000,266014.21150000
2022-12-29,127803.42464500,129566.67485100,127440.46571100,128913.77830700,249130.48690000,249130.48690000
2022-12-28,130101.44866500,130555.68425400,126827.30135800,127803.42464500,367828.89140000,367828.89140000
2022-12-27,131880.80651600,132483.23243900,128923.44289400,130101.44866500,262437.63980000,262437.63980000
2022-12-26,130849.91723600,132199.73788700,130114.33478100,131879.73267300,162723.08570000,162723.08570000
2022-12-25,131053.94740600,131545.76750000,128128.79907400,130848.84339300,231652.06120000,231652.06120000
2022-12-24,131006.69831400,131866.84655700,130438.63536700,131052.87356300,123701.53010000,123701.53010000
2022-12-23,130764.00979600,132296.38375700,129935.00300000,131007.77215700,278604.28820000,278604.28820000
2022-12-22,130340.91565400,132940.68955700,126986.23012200,130762.93595300,336761.65980000,336761.65980000
2022-12-21,130681.32388500,131372.87877700,129185.46058600,130340.91565400,245723.83770000,245723.83770000
2022-12-20,125405.53322600,132133.15962100,124900.82701600,130680.25004200,465184.19430000,465184.19430000
2022-12-19,127042.06995800,128324.23850000,123546.71099300,125405.53322600,296832.72280000,296832.72280000
2022-12-18,127482.34558800,128811.76322200,125673.99397600,127042.06995800,252260.14400000,252260.14400000
2022-12-17,125298.14892600,127790.53852900,124771.96585600,127482.34558800,328881.62810000,328881.62810000
2022-12-16,136005.43747900,137458.34705800,124063.22947600,125299.22276900,751422.27790000,751422.27790000
2022-12-15,140399.60303500,140795.85110200,135225.82746100,136006.51132200,390051.24470000,390051.24470000
2022-12-14,141821.37116700,145260.89029600,139706.97430000,140398.52919200,554465.57170000,554465.57170000
2022-12-13,136959.01006300,144861.42070000,134778.03493000,141821.37116700,659393.88250000,659393.88250000
2022-12-12,135626.37090000,137333.78127000,133159.75352900,136957.93622000,363750.54810000,363750.54810000
2022-12-11,135986.10830500,137961.97942500,134858.57315500,135627.44474300,180494.90200000,180494.90200000
2022-12-10,135638.18317300,137839.56132300,135261.26428000,135986.10830500,182278.63960000,182278.63960000
2022-12-09,137471.23317400,139238.77875200,134230.37500000,135637.10933000,406008.00320000,406008.00320000
2022-12-08,132209.40247400,138802.79849400,131224.68844300,137471.23317400,406653.54470000,406653.54470000
2022-12-07,136518.73443300,137311.23056700,130795.15124300,132209.40247400,398559.51660000,398559.51660000
2022-12-06,135240.86126300,136889.21026800,133324.05150800,136519.80827600,301631.83900000,301631.83900000
2022-12-05,137387.47342000,140148.32377300,133866.34222300,135240.86126300,391628.51660000,391628.51660000
2022-12-04,133210.22415000,138223.99711700,133167.27043000,137388.54726300,324129.54660000,324129.54660000
2022-12-03,139124.95139400,140566.04870000,132754.91471800,133211.29799300,347148.25880000,347148.25880000
2022-12-02,137065.32052000,139296.76627400,135866.91173200,139126.02523700,371559.58500000,371559.58500000
2022-12-01,139004.68097800,139588.85157000,135601.67251100,137066.39436300,430018.73910000,430018.73910000
2022-11-30,130631.92710700,140648.73461100,130203.46375000,139004.68097800,815679.27170000,815679.27170000
2022-11-29,125400.16401100,131907.65259100,124380.01316100,130631.92710700,512143.58610000,512143.58610000
2022-11-28,128203.96808400,128780.62177500,123601.47698600,125400.16401100,478795.60930000,478795.60930000
2022-11-27,129463.58592300,131366.43571900,127642.34819500,128203.96808400,286386.79860000,286386.79860000
2022-11-26,128784.91714700,132690.48413800,128453.09966000,129462.51208000,379840.81160000,379840.81160000
2022-11-25,129260.62959600,129695.53601100,125768.49216000,128785.99099000,391430.16580000,391430.16580000
2022-11-24,127198.85103600,130762.93595300,126777.90458000,129261.70343900,486080.61230000,486080.61230000
2022-11-23,122374.07443700,127787.31700000,121102.64432500,127198.85103600,636927.15940000,636927.15940000
2022-11-22,118910.93076200,123076.36775900,115438.12250000,122375.14828000,748884.57910000,748884.57910000
2022-11-21,122655.42130300,123168.71825700,115949.27176800,118910.93076200,922647.94540000,922647.94540000
2022-11-20,130758.64058100,131768.05300100,121628.82739500,122655.42130300,531108.76070000,531108.76070000
2022-11-19,130212.05449400,132619.61050000,128610.95458100,130758.64058100,209789.58880000,209789.58880000
2022-11-18,128906.26140600,132512.22620000,128773.10487400,130212.05449400,360218.53370000,360218.53370000
2022-11-17,130596.49028800,131891.54494600,126826.22751500,128907.33524900,530537.34880000,530537.34880000
2022-11-16,134576.15244600,136235.23988100,127471.60715800,130597.56413100,673339.72150000,673339.72150000
2022-11-15,133509.82634700,138633.13130000,132513.30004300,134577.22628900,632825.56800000,632825.56800000
2022-11-14,131169.92245000,138654.60816000,125760.97525900,133508.75250400,934742.00590000,934742.00590000
2022-11-13,135008.91117500,136832.29658900,128932.03363800,131168.84860700,547410.53040000,547410.53040000
2022-11-12,138455.94720500,138757.69708800,133016.93241000,135008.91117500,547772.91720000,547772.91720000
2022-11-11,139522.27330400,140673.43300000,128996.46421800,138448.43030400,1308087.14980000,1308087.14980000
2022-11-10,118415.88913900,144968.80500000,116611.83289900,139522.27330400,1975955.67670000,1975955.67670000
2022-11-09,143334.41595400,143589.99058800,115280.26757900,118415.88913900,2494797.93570000,2494797.93570000
2022-11-08,168388.24698700,169665.04631400,132404.84190000,143333.34211100,2339916.50890000,2339916.50890000
2022-11-07,168405.42847500,172678.24977200,165911.96502900,168389.32083000,642409.44940000,642409.44940000
2022-11-06,174712.10841400,176005.01538600,167990.92507700,168409.72384700,414863.95250000,414863.95250000
2022-11-05,176623.54895400,179006.40657100,174115.05170600,174712.10841400,351385.53620000,351385.53620000
2022-11-04,164406.43714300,180405.62400000,164126.16412000,176623.54895400,935531.47810000,935531.47810000
2022-11-03,163044.80421900,167413.19754300,162705.46983100,164406.43714300,560202.88130000,560202.88130000
2022-11-02,169502.89602100,174142.97162400,161325.58157600,163045.87806200,981395.36480000,981395.36480000
2022-11-01,168882.21476700,173202.28515600,167915.75606700,169503.96986400,527539.29650000,527539.29650000
2022-10-31,170789.35993500,175659.23794000,165954.91874900,168882.21476700,810334.24140000,810334.24140000
2022-10-30,173914.24306500,176116.69505800,169297.79200800,170788.28609200,476036.42430000,476036.42430000
2022-10-29,166918.15592000,178586.53395800,166194.38573800,173914.24306500,914161.08460000,914161.08460000
2022-10-28,162584.12557200,169119.53407000,158909.43482600,166919.22976300,858954.44250000,858954.44250000
2022-10-27,168175.62607300,169514.70829400,161420.07976000,162585.19941500,869454.48510000,869454.48510000
2022-10-26,156753.15808200,171276.88465700,156506.17419200,168174.55223000,1236044.70230000,1236044.70230000
2022-10-25,144282.61932300,163778.23898800,143351.59744200,156753.15808200,1127932.90120000,1127932.90120000
2022-10-24,146492.58821700,147180.92158000,142195.06853100,144282.61932300,611830.79700000,611830.79700000
2022-10-23,141062.16416600,147282.93666500,139539.45479200,146493.66206000,432269.46000000,432269.46000000
2022-10-22,139573.81776800,141768.75286000,138989.64717600,141061.09032300,221776.70070000,221776.70070000
2022-10-21,137727.88165100,140348.05857100,134514.94339500,139572.74392500,468076.79860000,468076.79860000
2022-10-20,137998.49008700,140766.85734100,136416.71934800,137727.88165100,428531.61030000,428531.61030000
2022-10-19,140749.67585300,141049.27805000,137485.19313300,137998.49008700,368637.51050000,368637.51050000
2022-10-18,142970.38317700,144080.73683900,138173.52649600,140749.67585300,572728.91890000,572728.91890000
2022-10-17,140239.60042800,143741.40245100,139131.39445200,142971.45702000,459848.49410000,459848.49410000
2022-10-16,136907.46559900,141247.93900500,136879.54568100,140238.52658500,293321.36320000,293321.36320000
2022-10-15,139197.97271800,139781.06946700,135695.09685200,136906.39175600,287100.95290000,287100.95290000
2022-10-14,138212.18484400,144230.00101600,137815.93677700,139199.04656100,669742.80930000,669742.80930000
2022-10-13,139002.53329200,139769.25719400,127787.31700000,138212.18484400,945618.31630000,945618.31630000
2022-10-12,137463.71627300,140337.32014100,136941.82857500,139002.53329200,369712.57590000,369712.57590000
2022-10-11,138528.96852900,139384.82140000,136056.98194300,137463.71627300,429430.39410000,429430.39410000
2022-10-10,142083.38885900,143680.19340000,138310.97840000,138528.96852900,393663.01140000,393663.01140000
2022-10-09,141261.89896400,142713.73470000,140379.20001800,142083.38885900,186201.91850000,186201.91850000
2022-10-08,142939.24173000,143610.39360500,139976.50889300,141261.89896400,203391.66120000,203391.66120000
2022-10-07,145191.09050100,146230.57052500,141453.04301800,142939.24173000,491999.87760000,491999.87760000
2022-10-06,145205.05046000,148618.79735700,144432.95734300,145190.01665800,573975.32400000,573975.32400000
2022-10-05,146203.72445000,146554.87111100,141348.88024700,145205.05046000,483508.77820000,483508.77820000
2022-10-04,142080.16733000,147068.16806500,141603.38103800,146202.65060700,476207.67020000,476207.67020000
2022-10-03,137099.68349600,142810.38057000,135630.66627200,142079.09348700,483775.24350000,483775.24350000
2022-10-02,140865.65089700,141524.99049900,136378.06100000,137099.68349600,371740.04070000,371740.04070000
2022-10-01,142682.59325300,143217.36706700,139887.37992400,140865.65089700,252081.90560000,252081.90560000
2022-09-30,143432.13566700,147459.04691700,141033.17040500,142683.66709600,740753.61100000,740753.61100000
2022-09-29,143594.28596000,145185.72128600,138366.81823600,143433.20951000,770591.68950000,770591.68950000
2022-09-28,142607.42424300,145580.89551000,134574.00476000,143594.28596000,919314.91310000,919314.91310000
2022-09-27,143483.68013100,150338.02000000,140002.28112500,142608.49808600,860584.89440000,860584.89440000
2022-09-26,139021.86246600,143940.06340600,137221.02775500,143483.68013100,799166.43330000,799166.43330000
2022-09-25,141439.08305900,143572.80910000,136299.67046100,139022.93630900,515533.84090000,515533.84090000
2022-09-24,142524.73833200,144896.85751900,140299.73563600,141439.08305900,517557.34970000,517557.34970000
2022-09-23,142442.05242100,146042.64800000,135535.09424500,142525.81217500,974052.36440000,974052.36440000
2022-09-22,133778.28709700,144977.39574400,132868.74207600,142440.97857800,904282.27250000,904282.27250000
2022-09-21,142062.98584200,151293.74027000,131008.84600000,133777.21325400,1192266.73790000,1192266.73790000
2022-09-20,147758.64911400,148703.63095400,140964.44445300,142061.91199900,658027.14650000,658027.14650000
2022-09-19,143305.42219300,149623.91440500,137451.90400000,147758.64911400,974855.19800000,974855.19800000
2022-09-18,157728.20752600,157815.18880900,142343.25886500,143305.42219300,804113.46800000,804113.46800000
2022-09-17,153978.34777000,158513.18675900,151317.36481600,157729.28136900,421391.37430000,421391.37430000
2022-09-16,158151.30166800,159288.50140500,150930.78133600,153978.34777000,693597.24250000,693597.24250000
2022-09-15,175938.43712000,177742.49336000,156566.30940000,158150.22782500,1335499.80470000,1335499.80470000
2022-09-14,169065.84192000,176863.01594300,166701.23963400,175937.36327700,764562.53930000,764562.53930000
2022-09-13,184311.19099100,189051.13399300,167577.49552200,169065.84192000,1134549.72560000,1134549.72560000
2022-09-12,189653.55991600,191466.20690000,181801.61990000,184311.19099100,630774.60320000,630774.60320000
2022-09-11,190512.63431600,192110.51270000,184711.73443000,189652.48607300,409287.72630000,409287.72630000
2022-09-10,184511.99963200,192110.51270000,183200.83732900,190512.63431600,411046.24660000,411046.24660000
2022-09-09,175613.06269100,187506.94775900,175091.17499300,184510.92578900,837458.21260000,837458.21260000
2022-09-08,175036.40900000,178640.22610800,171284.40155800,175613.06269100,645124.00850000,645124.00850000
2022-09-07,167413.19754300,177989.47725000,160073.48063800,175036.40900000,850991.42430000,850991.42430000
2022-09-06,173726.32054000,181200.26782000,166982.58650000,167413.19754300,1010722.85780000,1010722.85780000
2022-09-05,169590.95114700,175250.10375700,167150.10600800,173726.32054000,503492.93700000,503492.93700000
2022-09-04,167245.67803500,170060.22053800,165442.69563800,169589.87730400,296591.11660000,296591.11660000
2022-09-03,169167.85700500,169958.20545300,164757.58380400,167246.75187800,321397.21890000,321397.21890000
2022-09-02,170329.75513100,177184.09500000,166060.15536300,169167.85700500,919009.65980000,919009.65980000
2022-09-01,166887.01447300,171707.49570000,162447.74751100,170328.68128800,728710.48200000,728710.48200000
2022-08-31,163717.02993700,173938.94145400,163717.02993700,166885.94063000,949227.67750000,949227.67750000
2022-08-30,166637.88289700,172473.14575900,158242.57832300,163717.02993700,1003075.01720000,1003075.01720000
2022-08-29,153211.62386800,167518.43415700,152709.06534400,166638.95674000,826252.08310000,826252.08310000
2022-08-28,160116.43435800,162257.67730000,152915.24320000,153211.62386800,544846.44860000,544846.44860000
2022-08-27,161954.85357400,163054.46880600,155440.92193600,160116.43435800,756136.67680000,756136.67680000
2022-08-26,182028.20077300,183245.93873500,159664.34645500,161954.85357400,1149912.82920000,1149912.82920000
2022-08-25,177888.53600800,184915.76460000,177579.26922400,182028.20077300,603090.71300000,603090.71300000
2022-08-24,178837.81322000,181922.96415900,172343.21075600,177888.53600800,744667.60780000,744667.60780000
2022-08-23,174461.90299500,179983.60370100,167923.27296800,178838.88706300,940246.93200000,940246.93200000
2022-08-22,173761.75735900,175006.34139600,164289.38825600,174462.97683800,941192.89540000,941192.89540000
2022-08-21,169240.87832900,176810.39763600,167770.78726200,173761.75735900,780662.60620000,780662.60620000
2022-08-20,172781.33870000,177944.37584400,163618.23638100,169241.95217200,914615.92260000,914615.92260000
2022-08-19,198273.29767700,198446.18640000,172069.38079100,172782.41254300,1419826.95150000,1419826.95150000
2022-08-18,196968.57843200,202136.98479100,195573.65637500,198273.29767700,606254.02400000,606254.02400000
2022-08-17,201524.89428100,210412.01894900,195304.12178200,196969.65227500,951824.89750000,951824.89750000
2022-08-16,203928.15491500,205640.93450000,198983.10790000,201524.89428100,622729.14990000,622729.14990000
2022-08-15,207822.98347600,216107.68222100,201056.69873300,203929.22875800,949162.33050000,949162.33050000
2022-08-14,213002.12826500,217990.12900000,204674.47580000,207821.90963300,569583.48520000,569583.48520000
2022-08-13,210288.52700400,216916.28600000,209023.53995000,213002.12826500,695876.02930000,695876.02930000
2022-08-12,201902.88701700,210979.00805300,198989.55095800,210288.52700400,717628.10150000,717628.10150000
2022-08-11,199045.39079400,208540.31060000,198695.31797600,201902.88701700,1105261.90090000,1105261.90090000
2022-08-10,182849.69066800,202419.40550000,177912.16055400,199044.31695100,1317767.51270000,1317767.51270000
2022-08-09,190827.27031500,192307.02596900,179109.49549900,182849.69066800,818171.10190000,818171.10190000
2022-08-08,182574.78686000,195224.65740000,181895.04424100,190827.27031500,781620.54430000,781620.54430000
2022-08-07,181543.89758000,185752.28829700,179117.01240000,182573.71301700,439904.76400000,439904.76400000
2022-08-06,186506.12608300,187915.00809900,180970.46541800,181543.89758000,523314.64440000,523314.64440000
2022-08-05,172670.73287100,187070.96750100,172420.52745200,186506.12608300,1005846.47120000,1005846.47120000
2022-08-04,173764.97888800,178557.54019700,169709.07387700,172669.65902800,735552.18100000,735552.18100000
2022-08-03,175134.12871300,180945.76702900,170709.89555300,173764.97888800,777724.74130000,777724.74130000
2022-08-02,175066.47660400,180190.85540000,167442.19130400,175134.12871300,1081964.51040000,1081964.51040000
2022-08-01,180203.74151600,183055.86852400,172472.07191600,175066.47660400,801566.56480000,801566.56480000
2022-07-31,182231.15710000,188426.15736700,178902.24380000,180203.74151600,696326.80790000,696326.80790000
2022-07-30,184881.40162400,187369.49585500,179655.00774300,182231.15710000,735132.52860000,735132.52860000
2022-07-29,185186.37303600,189639.59995700,177723.16418600,184881.40162400,1205266.57030000,1205266.57030000
2022-07-28,175652.79488200,191658.42479700,171092.18366100,185186.37303600,1578145.07555000,1578145.07555000
2022-07-27,155612.73681600,176587.03829200,152574.83496900,175652.79488200,1513426.04130000,1513426.04130000
2022-07-26,154718.22559700,156148.58447300,145631.36613100,155612.73681600,1199643.74080000,1199643.74080000
2022-07-25,171567.89611000,172840.40006500,154158.75339400,154718.22559700,1418390.98090000,1418390.98090000
2022-07-24,166301.77003800,178723.98586200,165980.69098100,171567.89611000,1009935.89970000,1009935.89970000
2022-07-23,164863.89426100,171440.10879300,159787.83840000,166302.84388100,851284.73390000,851284.73390000
2022-07-22,169178.59543500,177189.46421500,162806.41107300,164863.89426100,1170723.08730000,1170723.08730000
2022-07-21,163399.17240900,172457.03811400,157163.36610800,169178.59543500,1247327.49630000,1247327.49630000
2022-07-20,165622.02741900,174005.51972000,159382.99958900,163393.80319400,1351177.42470000,1351177.42470000
2022-07-19,169777.79982900,175143.79330000,160336.57217300,165620.95357600,1846048.68160000,1846048.68160000
2022-07-18,143749.99319500,171543.19772100,143472.94170100,169778.87367200,2029918.76521000,2029918.76521000
2022-07-17,145595.92931200,148942.02410000,141644.18707200,143749.99319500,1246202.87950000,1246202.87950000
2022-07-16,132216.91937500,152798.19431300,127919.39968900,145597.00315500,1493809.92260000,1493809.92260000
2022-07-15,128154.57130600,138291.64922600,126826.22751500,132216.91937500,1466037.25840000,1466037.25840000
2022-07-14,119734.56834300,130434.33999500,115127.78187300,128154.57130600,1605101.92620000,1605101.92620000
2022-07-13,111527.18629400,120182.36087400,108062.96877600,119733.49450000,2035605.82990000,2035605.82990000
2022-07-12,117732.92499100,117935.88131800,110977.37867800,111527.18629400,1261349.63210000,1261349.63210000
2022-07-11,125464.59459100,125778.15674700,117232.51415300,117736.14652000,1201652.30480000,1201652.30480000
2022-07-10,130688.84078600,131003.47678500,123814.09790000,125463.52074800,1018038.65060000,1018038.65060000
2022-07-09,130367.76172900,132662.56422000,129362.64468100,130688.84078600,576337.18090000,576337.18090000
2022-07-08,132886.99740700,137071.76357800,128125.57754500,130368.83557200,1189518.36310000,1189518.36310000
2022-07-07,127418.98885100,134691.05364700,124907.27007400,132886.99740700,1001316.07900000,1001316.07900000
2022-07-06,121613.79359300,129398.08150000,119351.20639200,127418.98885100,1211768.07570000,1211768.07570000
2022-07-05,123600.40314300,126165.81407000,115582.01746200,121612.71975000,1398961.44950000,1398961.44950000
2022-07-04,115358.65811800,124662.43387000,112256.32569100,123599.32930000,1150108.98610000,1150108.98610000
2022-07-03,114580.12194300,116870.62906200,111763.43175400,115358.65811800,644746.33370000,644746.33370000
2022-07-02,113798.36423900,115854.77358400,110422.20184700,114580.12194300,714812.08040000,714812.08040000
2022-07-01,115010.73298600,119948.26310000,110975.23099200,113798.36423900,1562255.14390000,1562255.14390000
2022-06-30,118145.28070300,118833.61406600,107169.53140000,115009.65914300,1420670.36560000,1420670.36560000
2022-06-29,122853.00841500,124222.15824000,116771.83550600,118145.28070300,1295517.79600000,1295517.79600000
2022-06-28,128056.85159300,132940.68955700,122022.92777600,122853.00841500,1104065.22110000,1104065.22110000
2022-06-27,128623.84069700,133041.63079900,125907.01790700,128056.85159300,868734.20610000,868734.20610000
2022-06-26,133404.58973300,137451.90400000,128281.28478000,128623.84069700,884184.27300000,884184.27300000
2022-06-25,131547.91518600,134957.36671100,126713.47400000,133409.95894800,861986.61770000,861986.61770000
2022-06-24,122923.88205300,133739.62874900,121559.02760000,131547.91518600,1337137.48300000,1337137.48300000
2022-06-23,112773.91801700,124028.86650000,112248.80879000,122924.95589600,1278257.08990000,1278257.08990000
2022-06-22,120899.68799800,121057.54291900,112071.62469500,112773.91801700,1306959.85930000,1306959.85930000
2022-06-21,121155.26263200,128216.85420000,119113.88708900,120898.61415500,1306095.37570000,1306095.37570000
2022-06-20,121186.40407900,125639.63100000,113075.66790000,121155.26263200,1721772.91320000,1721772.91320000
2022-06-19,106860.26461600,124417.59766600,100527.81244500,121186.40407900,2018599.44990000,2018599.44990000
2022-06-18,116719.21719900,117862.85999400,94665.70350800,106861.33845900,2308983.51870000,2308983.51870000
2022-06-17,114740.12455000,120055.64740000,112872.71157300,116720.29104200,1220677.94910000,1220677.94910000
2022-06-16,132891.29277900,135073.34175500,112919.96066500,114740.12455000,1447386.83040000,1447386.83040000
2022-06-15,129816.88027000,134230.37500000,108930.63392000,132890.21893600,3114823.13621000,3114823.13621000
2022-06-14,129865.20320500,136211.61533500,115524.02994000,129816.88027000,2716493.80131000,2716493.80131000
2022-06-13,154079.28901200,156244.15650000,125151.03243500,129915.67382600,3626351.66536000,3626351.66536000
2022-06-12,164608.31962700,166123.51210000,152807.85890000,154079.28901200,1563225.37018000,1563225.37018000
2022-06-11,178570.42631300,180642.94330300,160726.37718200,164608.31962700,1220325.25420000,1220325.25420000
2022-06-10,192089.03584000,193755.64017600,177820.88389900,178570.42631300,955035.79239000,955035.79239000
2022-06-09,192419.77948400,196835.42190000,190857.33791900,192090.10968300,535310.96180000,535310.96180000
2022-06-08,194723.17271900,197455.02931100,189563.35710400,192419.77948400,941510.13730000,941510.13730000
2022-06-07,199717.61651200,201343.41481400,185251.87745900,194723.17271900,1397598.22880000,1397598.22880000
2022-06-06,193959.67034600,206177.85600000,193758.86170500,199717.61651200,804250.35670000,804250.35670000
2022-06-05,193783.56009400,196531.52433100,190397.73311500,193960.74418900,371974.50610000,371974.50610000
2022-06-04,190621.09245900,195009.88880000,187753.93164900,193783.56009400,388279.45790000,388279.45790000
2022-06-03,196952.47078700,198006.98461300,186526.52910000,190620.01861600,741282.53460000,741282.53460000
2022-06-02,195220.36202800,198988.47711500,191403.92400600,196951.39694400,788784.40170000,788784.40170000
2022-06-01,208529.57217000,211824.12249400,189399.05912500,195219.28818500,1037841.27060000,1037841.27060000
2022-05-31,214637.59115400,216535.07173500,206714.77750000,208529.57217000,751103.42260000,751103.42260000
2022-05-30,194756.46185200,216164.59590000,193633.22207400,214637.59115400,814922.83590000,814922.83590000
2022-05-29,192455.21630300,196234.06982000,188992.07262800,194756.46185200,432430.61100000,432430.61100000
2022-05-28,185480.60601800,194256.05101400,184943.68451800,192456.29014600,558271.18180000,558271.18180000
2022-05-27,192458.43783200,195682.11451800,182875.46290000,185481.67986100,1296693.28537000,1296693.28537000
2022-05-26,208609.03655200,211118.60764300,186311.76050000,192457.36398900,1168740.57514000,1168740.57514000
2022-05-25,212556.48342000,217167.56526200,207746.74062300,208607.96270900,524786.30910000,524786.30910000
2022-05-24,211904.66071900,214106.03886900,205428.31358600,212557.55726300,534096.97200000,534096.97200000
2022-05-23,219406.52791700,224272.11055000,210163.96121600,211903.58687600,636085.02240000,636085.02240000
2022-05-22,212090.43555800,220826.14836300,211152.97061900,219406.52791700,355735.19270000,355735.19270000
2022-05-21,210374.43444400,213787.10749800,208042.04744800,212091.50940100,238869.76320000,238869.76320000
2022-05-20,216867.96306500,221641.19520000,206500.00890000,210374.43444400,576981.53710000,576981.53710000
2022-05-19,205652.74677300,219105.85187700,204371.65207400,216867.96306500,741476.97940000,741476.97940000
2022-05-18,224510.50369600,226658.18969600,204889.24440000,205652.74677300,631577.23410000,631577.23410000
2022-05-17,217309.31253800,227914.58600600,215627.67440000,224510.50369600,568249.04480000,568249.04480000
2022-05-16,230370.46494700,230370.46494700,212526.41581600,217309.31253800,822070.85310000,822070.85310000
2022-05-15,220832.59142100,232701.77810000,214841.62132400,230370.46494700,514398.25870000,514398.25870000
2022-05-14,215809.15386700,222291.94405800,209529.32000300,220833.66526400,563788.30780000,563788.30780000
2022-05-13,210496.85254600,230612.07962200,208350.24038900,215809.15386700,1134042.33870000,1134042.33870000
2022-05-12,223895.19165700,235708.53850000,193291.74000000,210496.85254600,2305192.90836000,2305192.90836000
2022-05-11,251498.32597200,263238.65149100,215305.52150000,223895.19165700,2022864.83806000,2022864.83806000
2022-05-10,239359.60470000,263879.73576200,236245.46000000,251499.39981500,1550626.13870000,1550626.13870000
2022-05-09,270577.29455300,271766.03875400,238930.06750000,239311.28176500,1574924.97930000,1574924.97930000
2022-05-08,282995.21500500,283709.32060000,266742.60120000,270577.29455300,757615.34150000,757615.34150000
2022-05-07,289170.88609800,290405.80554800,277561.56942500,282994.14116200,371271.45320000,371271.45320000
2022-05-06,295087.76102800,296185.22857400,282737.49268500,289169.81225500,711449.32340000,711449.32340000
2022-05-05,315779.64179500,317283.02199500,288112.07690000,295088.83487100,734845.31940000,734845.31940000
2022-05-04,298710.90731000,318485.72615500,297641.35968200,315778.56795200,548738.06680000,548738.06680000
2022-05-03,306747.54832200,307276.95292100,295864.14951700,298710.90731000,371331.17960000,371331.17960000
2022-05-02,303340.24448300,310793.78874600,298397.34515400,306747.54832200,521706.85670000,521706.85670000
2022-05-01,292801.54928100,306034.51657000,291669.71875900,303340.24448300,442544.87920000,442544.87920000
2022-04-30,302515.53305900,305146.44840900,290931.98861800,292800.47543800,367757.24690000,367757.24690000
2022-04-29,315379.09835600,316403.54457800,298166.46890900,302515.53305900,525978.14700000,525978.14700000
2022-04-28,310227.87348500,320005.21400000,306456.53686900,315380.17219900,537392.99780000,537392.99780000
2022-04-27,301715.52002400,313548.19604100,300081.13097800,310228.94732800,488951.24160000,488951.24160000
2022-04-26,322864.85790900,326398.87522200,297132.35810000,301714.44618100,531184.35040000,531184.35040000
2022-04-25,313668.46645700,324907.30729500,300354.96094300,322863.78406600,619198.36160000,619198.36160000
2022-04-24,314962.44727200,318615.66115800,312712.74618700,313669.54030000,218957.02220000,218957.02220000
2022-04-23,318114.17647700,319793.66692900,312906.03792700,314961.37342900,187576.73240000,187576.73240000
2022-04-22,320388.57595100,325838.32917600,314673.58350500,318114.17647700,452433.08200000,452433.08200000
2022-04-21,330317.32832900,341482.07400000,315957.89973300,320389.64979400,562699.69700000,562699.69700000
2022-04-20,333078.17868200,340032.38595000,326067.05773500,330318.40217200,415000.06850000,415000.06850000
2022-04-19,328119.17170800,336220.24330000,325410.93966200,333081.40021100,359375.00380000,359375.00380000
2022-04-18,320871.80530100,329626.84728000,309612.56144600,328119.17170800,510251.65360000,510251.65360000
2022-04-17,328520.78899000,331065.79690000,320187.76731000,320870.73145800,243772.07400000,243772.07400000
2022-04-16,326509.48105100,331398.68823000,323229.96452900,328520.78899000,176352.41650000,176352.41650000
2022-04-15,324513.20691400,328694.75155600,321415.16985900,326508.40720800,249626.29810000,249626.29810000
2022-04-14,334854.31500400,337723.62350000,319607.89209000,324513.20691400,408382.55720000,408382.55720000
2022-04-13,325122.07589500,336002.25317100,321815.71329800,334854.31500400,419101.49400000,419101.49400000
2022-04-12,319978.36792500,331280.56550000,316783.68500000,325123.14973800,579522.95050000,579522.95050000
2022-04-11,343956.20827200,345093.40800900,316783.68500000,319977.29408200,693394.29120000,693394.29120000
2022-04-10,349919.25845100,355143.50464600,342878.06990000,343956.20827200,232303.23260000,232303.23260000
2022-04-09,342812.56547700,350974.84612000,341619.52590400,349919.25845100,212444.25660000,212444.25660000
2022-04-08,346550.61296000,355873.71788600,340786.22373600,342812.56547700,502422.50480000,502422.50480000
2022-04-07,340249.30223600,351037.12901400,337524.96254500,346549.53911700,458179.32720000,458179.32720000
2022-04-06,365858.31010000,365912.00225000,339591.03647700,340248.22839300,736273.10470000,736273.10470000
2022-04-05,377939.04385000,381751.18650000,365106.62000000,365857.23625700,397782.74370000,397782.74370000
2022-04-04,378196.76617000,380892.11210000,365747.70427100,377939.04385000,449984.15860000,449984.15860000
2022-04-03,369806.83081100,384472.30466200,366407.04387300,378197.84001300,381581.76830000,381581.76830000
2022-04-02,371034.23336000,379302.82446000,368665.33570200,369806.83081100,499893.29000000,499893.29000000
2022-04-01,352382.65429300,373835.88974700,344776.62432400,371035.30720300,532169.23920000,532169.23920000
2022-03-31,363581.76294000,369920.65816900,350217.78680500,352382.65429300,455091.23950000,455091.23950000
2022-03-30,365161.38599300,370142.94367000,357787.30611200,363580.68909700,356082.52310000,356082.52310000
2022-03-29,357902.20731300,373898.17264100,357555.35602400,365161.38599300,465899.82260000,465899.82260000
2022-03-28,353901.06829500,368451.64094500,351684.65634300,357903.28115600,527237.11330000,527237.11330000
2022-03-27,337724.69734300,354300.53789100,335685.46948600,353901.06829500,335467.41450000,335467.41450000
2022-03-26,333120.05855900,338604.17476000,331269.82707000,337723.62350000,207134.84700000,207134.84700000
2022-03-25,334045.71122500,342908.13750400,330314.10680000,333121.13240200,489099.55720000,489099.55720000
2022-03-24,326017.66095700,336017.28697300,322057.32797300,334046.78506800,577171.52390000,577171.52390000
2022-03-23,318892.71265200,327006.67036000,313631.95579500,326018.73480000,453962.72980000,453962.72980000
2022-03-22,310343.84852900,327828.16025500,309957.26504900,318892.71265200,564868.98390000,564868.98390000
2022-03-21,307268.36217700,317918.73705100,303877.16598300,310343.84852900,450223.90730000,450223.90730000
2022-03-20,316874.96165500,318305.32053100,302524.12380300,307267.28833400,377608.82140000,377608.82140000
2022-03-19,315585.27621200,320832.07311000,310432.97749800,316873.88781200,325971.53980000,325971.53980000
2022-03-18,301954.98701300,320434.75120000,296980.94623700,315593.86695600,556535.79660000,556535.79660000
2022-03-17,297862.57134000,304541.87480000,294922.38920600,301956.06085600,379312.54100000,379312.54100000
2022-03-16,281104.17748200,299387.42840000,279562.13893400,297863.64518300,666224.72170000,666224.72170000
2022-03-15,278063.05410600,286608.69670000,269212.44010000,281103.10363900,461202.30140000,461202.30140000
2022-03-14,270142.38813800,280230.06928000,268317.92888100,278061.98026300,386630.19120000,386630.19120000
2022-03-13,275848.78984000,279555.69587600,267709.05990000,270141.31429500,316942.16010000,316942.16010000
2022-03-12,274566.62129800,281002.16239700,274193.99777700,275848.78984000,219236.57110000,219236.57110000
2022-03-11,279917.58096700,287444.14655400,270884.41365100,274566.62129800,494583.65680000,494583.65680000
2022-03-10,292834.83841400,293508.13797500,273858.95876100,279918.65481000,559029.93770000,559029.93770000
2022-03-09,276619.80911400,298082.70915500,275730.66711000,292834.83841400,562771.74030000,562771.74030000
2022-03-08,267507.17741600,281776.40320000,266329.17164500,276618.73527100,561659.74210000,561659.74210000
2022-03-07,273969.56459000,284461.01070000,262554.61350000,267507.17741600,620171.67870000,620171.67870000
2022-03-06,286196.34098800,287391.52824700,272219.20050000,273968.49074700,336487.90990000,336487.90990000
2022-03-05,281573.44687300,288339.73161600,278058.75873400,286195.26714500,268730.30360000,268730.30360000
2022-03-04,304327.10620000,304560.13013100,276299.80390000,281572.37303000,556178.75880000,556178.75880000
2022-03-03,316494.82123300,319035.53377100,299065.27550000,304326.03235700,446192.23530000,446192.23530000
2022-03-02,319611.11361900,326868.14461300,312940.40090300,316493.74739000,614623.74610000,614623.74610000
2022-03-01,313651.28496900,326227.06034200,306484.45678700,319611.11361900,673901.69760000,673901.69760000
2022-02-28,281002.16239700,316955.49988000,275829.46066600,313664.17108500,733794.44880000,733794.44880000
2022-02-27,298471.44032100,304577.31161900,274686.89171400,281002.16239700,650198.77850000,650198.77850000
2022-02-26,297245.11161500,309052.01540000,292890.67825000,298471.44032100,418485.25290000,418485.25290000
2022-02-25,278797.56271800,304431.26897100,276162.35199600,297292.36070700,679394.17620000,679394.17620000
2022-02-24,277019.27871000,294232.98200000,246983.89000000,278791.11966000,1395732.77530000,1395732.77530000
2022-02-23,283095.08240400,295688.03926500,276603.70146900,277020.35255300,504470.14120000,504470.14120000
2022-02-22,275766.10392900,286258.62388200,268460.75000000,283096.15624700,692639.49420000,692639.49420000
2022-02-21,281560.56075700,296328.04969300,274689.03940000,275765.03008600,761838.98580000,761838.98580000
2022-02-20,296770.47300900,296878.93115200,276621.95680000,281560.56075700,386384.90400000,386384.90400000
2022-02-19,298453.18499000,304000.65792800,289341.62713500,296770.47300900,293838.00250000,293838.00250000
2022-02-18,310542.50948400,316136.15767100,295306.82500000,298472.51416400,502977.40690000,502977.40690000
2022-02-17,335287.07373300,339334.38800000,306211.70066500,310541.43564100,488693.26240000,488693.26240000
2022-02-16,341861.14057900,342209.06571100,326881.03072900,335285.99989000,319997.62440000,319997.62440000
2022-02-15,314609.15292500,343220.62581700,312709.52465800,341860.06673600,448971.75400000,448971.75400000
2022-02-14,308315.35910200,318391.22797100,303791.25854300,314609.15292500,381778.23800000,381778.23800000
2022-02-13,313409.67029400,317256.17592000,304617.04381000,308314.28525900,242751.35470000,242751.35470000
2022-02-12,314371.83362200,320647.37211400,306936.54469000,313441.88558400,336250.31310000,336250.31310000
2022-02-11,329923.22794800,337038.51166600,309159.39970000,314371.83362200,462025.87510000,462025.87510000
2022-02-10,348311.71548000,352613.53053800,328245.88518200,329937.18790700,578212.83830000,578212.83830000
2022-02-09,334683.57396700,351114.44571000,328059.03650000,348348.22614200,370267.89130000,370267.89130000
2022-02-08,337162.00361100,347159.48194100,324860.05820300,334683.57396700,514773.58370000,514773.58370000
